indicator,name,weight
popularity,热度,0.45441550307029516
interaction,互动,0.15921072350560564
finance,付费,0.3863737734240992
